,PDBID,Chain,Residue,ResNum,PHI,PSI,Omega,tau,BFactor,chi1,chi2,chi3,chi4,chi5,Disorder,RamaChandran Plot Region(Six Category),RamaChandran Plot Region(Seven Category),RamaChandran Plot Region(Std)
0,Thap5Armadilldiumproteinonly, ,LYS,2,-76,76,171.90089238364453,110.2052036057135,0.0,-79.03821201153748,175.37989942079935,159.81553491984687,175.71172729378748,,No,Favoured,Favoured,Favoured
1,Thap5Armadilldiumproteinonly, ,MET,3,-65,94,170.59179273630505,109.49946732084426,0.0,-65.33573267146485,-176.0739438950463,167.61169672765828,,,No,Allowed,Allowed,Allowed
2,Thap5Armadilldiumproteinonly, ,LYS,4,-62,90,174.69173884842715,109.54472330550448,0.0,-66.8071872433533,178.62516825744567,179.13197953564014,-163.48099256814686,,No,Disallowed,Disallowed,Disallowed
3,Thap5Armadilldiumproteinonly, ,ARG,5,-77,62,-178.06190320235982,110.13280261325204,0.0,-165.89059573828519,167.82115412115363,174.2735912038041,87.65369363925487,-1.3128721761846922,No,Favoured,Favoured,Favoured
4,Thap5Armadilldiumproteinonly, ,TRP,6,-31,106,172.37081964272593,114.0069926811488,0.0,177.42311169059934,-93.75093734013086,,,,No,Disallowed,Disallowed,Disallowed
5,Thap5Armadilldiumproteinonly, ,LYS,7,60,67,167.0587073910474,114.52074285855078,0.0,-48.1137363391644,-175.0613340379115,173.52330118618428,-170.74042706816795,,No,Allowed,Allowed,Allowed
6,Thap5Armadilldiumproteinonly, ,PHE,8,-59,103,157.56269481719565,109.08880265545056,0.0,-171.55672126003583,-75.1579763106823,,,,No,Allowed,Allowed,Allowed
7,Thap5Armadilldiumproteinonly, ,TYR,9,-86,116,177.2105316567728,107.45352112745846,0.0,-75.68308993518347,-89.45016399450284,,,,No,Favoured,Favoured,Favoured
8,Thap5Armadilldiumproteinonly, ,PRO,10,-77,74,178.76392461210264,110.7876460632695,0.0,24.52055501757577,-35.231479447021236,,,,No,Favoured,Favoured,Favoured
9,Thap5Armadilldiumproteinonly, ,CYS,11,-54,153,171.2932037052751,111.86366527047167,0.0,7.862386576701462,,,,,No,Favoured,Favoured,Favoured
10,Thap5Armadilldiumproteinonly, ,LYS,12,-65,-11,-170.1526492236091,114.32888984853066,0.0,-158.97710573165884,-179.23473450554187,-167.34156736507768,178.66327941811448,,No,Favoured,Favoured,Favoured
11,Thap5Armadilldiumproteinonly, ,PHE,13,-110,5,179.40468265323432,111.76875513814248,0.0,-64.99192592226133,-73.32168593273997,,,,No,Favoured,Favoured,Favoured
12,Thap5Armadilldiumproteinonly, ,SER,14,-70,103,-176.65766743928526,112.94647234613551,0.0,-152.66655328661906,,,,,No,Favoured,Favoured,Favoured
13,Thap5Armadilldiumproteinonly, ,LYS,15,-81,84,178.36302640234652,111.27435267780079,0.0,-67.19340514177047,-151.44697528171625,-176.22582195004924,-179.97197298919465,,No,Favoured,Favoured,Favoured
14,Thap5Armadilldiumproteinonly, ,ILE,16,-106,135,179.5122866979448,106.55767266501414,0.0,-48.29573518773532,,,,,No,Favoured,Favoured,Favoured
15,Thap5Armadilldiumproteinonly, ,CYS,17,-74,159,176.31502314730164,112.32575254918956,0.0,-49.69111427790657,,,,,No,Favoured,Favoured,Favoured
16,Thap5Armadilldiumproteinonly, ,SER,18,-56,-30,-173.65744297919443,115.2621028415136,0.0,-50.59259766548113,,,,,No,Favoured,Favoured,Favoured
17,Thap5Armadilldiumproteinonly, ,ASP,19,-57,-32,177.92760332644093,115.3509520830221,0.0,-158.6545462032182,-123.89013202012087,,,,No,Favoured,Favoured,Favoured
18,Thap5Armadilldiumproteinonly, ,HIS,20,-86,-3,-174.05229452808194,112.8124070892586,0.0,-55.11758291537773,-90.49845443185507,,,,No,Favoured,Favoured,Favoured
19,Thap5Armadilldiumproteinonly, ,PHE,21,-118,149,173.50016837280955,106.45464081370201,0.0,-71.9900743462896,-86.99648065063444,,,,No,Favoured,Favoured,Favoured
20,Thap5Armadilldiumproteinonly, ,THR,22,-63,143,166.21364275306334,111.04400034038005,0.0,45.9877162318343,,,,,No,Favoured,Favoured,Favoured
21,Thap5Armadilldiumproteinonly, ,PRO,23,-60,-26,-175.98980194274912,112.52603611403109,0.0,13.107658516420889,-29.74125840633852,,,,No,Favoured,Favoured,Favoured
22,Thap5Armadilldiumproteinonly, ,GLU,24,-56,-31,172.55021915015223,114.71075925903978,0.0,-56.328718988452785,-174.46565262010964,63.57744605208124,,,No,Favoured,Favoured,Favoured
23,Thap5Armadilldiumproteinonly, ,CYS,25,-89,-4,-179.34504194484853,110.46978457261861,0.0,-76.90019168852474,,,,,No,Favoured,Favoured,Favoured
24,Thap5Armadilldiumproteinonly, ,ILE,26,-105,134,175.43289528906743,106.4678056697412,0.0,-65.32903289038849,,,,,No,Favoured,Favoured,Favoured
25,Thap5Armadilldiumproteinonly, ,ASN,27,-79,120,166.91470891514354,107.65544258011256,0.0,-78.72984875425908,-50.1322885716491,,,,No,Favoured,Favoured,Favoured
26,Thap5Armadilldiumproteinonly, ,PRO,28,-56,116,161.5646187047275,110.14853714699981,0.0,27.022412338705863,-34.08273511883827,,,,No,Favoured,Favoured,Favoured
27,Thap5Armadilldiumproteinonly, ,GLY,29,-61,145,179.3686084713561,111.31356586099335,0.0,,,,,,No,Favoured,Favoured,Favoured
28,Thap5Armadilldiumproteinonly, ,VAL,30,-87,130,-170.12161371680548,111.30174455679936,0.0,-162.56363636489297,,,,,No,Favoured,Favoured,Favoured
29,Thap5Armadilldiumproteinonly, ,GLY,31,66,-93,-177.50475904742788,114.54182430130439,0.0,,,,,,No,Allowed,Allowed,Allowed
30,Thap5Armadilldiumproteinonly, ,PHE,32,-115,15,175.70006684007495,110.38013297323191,0.0,-110.14531942001808,-104.6090633699382,,,,No,Favoured,Favoured,Favoured
31,Thap5Armadilldiumproteinonly, ,GLY,33,-66,134,175.56672559495144,112.44617940271087,0.0,,,,,,No,Favoured,Favoured,Favoured
32,Thap5Armadilldiumproteinonly, ,LYS,34,-62,139,172.59953728626704,109.90302179287059,0.0,-46.679970128807724,-163.53530933435823,-162.57795091251063,-104.4757210210939,,No,Favoured,Favoured,Favoured
33,Thap5Armadilldiumproteinonly, ,PRO,35,-55,128,171.68218971678314,110.1966593345493,0.0,21.437746909620856,-29.24414758713377,,,,No,Favoured,Favoured,Favoured
34,Thap5Armadilldiumproteinonly, ,THR,36,-113,136,-176.91038158866303,105.73942283498714,0.0,53.4392266630713,,,,,No,Favoured,Favoured,Favoured
35,Thap5Armadilldiumproteinonly, ,LEU,37,-61,145,172.49796838052367,113.02568877561866,0.0,-116.65547944782142,92.61527846744724,,,,No,Favoured,Favoured,Favoured
36,Thap5Armadilldiumproteinonly, ,LYS,38,-65,148,163.4519370555065,112.05176966599149,0.0,-74.67184350760716,-178.63741344205525,176.72109416236236,170.9652258463214,,No,Favoured,Favoured,Favoured
37,Thap5Armadilldiumproteinonly, ,GLN,39,-59,-32,-176.2293734267659,114.10291124027312,0.0,-170.97005070035405,169.41768072098913,-71.35643797004286,,,No,Favoured,Favoured,Favoured
38,Thap5Armadilldiumproteinonly, ,ASN,40,-109,17,-175.51973286181445,110.10760865838813,0.0,-161.4542081992348,69.87882758854023,,,,No,Favoured,Favoured,Favoured
39,Thap5Armadilldiumproteinonly, ,ALA,41,-77,125,178.78074816426545,113.69753465707326,0.0,,,,,,No,Favoured,Favoured,Favoured
40,Thap5Armadilldiumproteinonly, ,ILE,42,-112,145,-176.0431900526182,111.11067896765668,0.0,48.75134106796335,,,,,No,Favoured,Favoured,Favoured
41,Thap5Armadilldiumproteinonly, ,PRO,43,-90,110,-176.1126037501939,106.6503677959716,0.0,24.657224449986124,-27.501006261625598,,,,No,Allowed,Allowed,Favoured
42,Thap5Armadilldiumproteinonly, ,THR,44,-99,-4,-176.83088253454144,109.6691171691842,0.0,47.269426126731865,,,,,No,Favoured,Favoured,Favoured
43,Thap5Armadilldiumproteinonly, ,ILE,45,-122,125,-172.50621717355395,106.88526371219658,0.0,-50.89075205886743,,,,,No,Favoured,Favoured,Favoured
